"Addabbo  Joseph P.",6,10500,NA
"Akaka  Daniel K.",7,14400,NA
"Albosta  Donald J.",9,14600,NA
"Alexander  Bill",10,12000,NA
"Anderson  Glenn M.",16,12001,NA
"Andrews  Ike",18,14001,NA
"Annunzio  Frank",23,10703,NA
"Anthony  Beryl  Jr.",24,14601,NA
"Applegate  Douglas",25,14402,NA
"Archer  Bill",26,13002,NA
"Ashbrook  John M.",31,10502,NA
"Aspin  Les",33,13003,NA
"Atkinson  Eugene V.",35,94602,NA
"AuCoin  Les",36,14201,NA
"Badham  Robert E.",39,14403,NA
"Bafalis  L. A. (Skip)",42,14003,NA
"Bailey  Donald A.",43,14603,NA
"Bailey  Wendell",44,14800,NA
"Barnard  Doug  Jr.",54,14404,NA
"Barnes  Michael D.",55,14604,NA
"Beard  Robin",69,14004,NA
"Bedell  Berkley W.",71,14205,NA
"Beilenson  Anthony C.",72,14405,NA
"Benedict  Cleve",74,14801,NA
"Benjamin  Adam  Jr.",76,14406,NA
"Bennett  Charles E.",77,633,NA
"Bereuter  Doug",80,14605,NA
"Bethune  Ed",83,14606,NA
"Bevill  Tom",84,11000,NA
"Biaggi  Mario",85,12003,NA
"Bingham  Jonathan B.",90,10705,NA
"Blanchard  James",94,14206,NA
"Bliley  Tom",97,14802,NA
"Boggs  Corinne C. (Lindy)",103,14067,NA
"Boland  Edward P.",104,830,NA
"Bolling  Richard",105,835,NA
"Boner  William H.",106,14607,NA
"Bonior  David E.",108,14407,NA
"Bonker  Don",109,14208,NA
"Bowen  David R.",115,14005,NA
"Breaux  John B.",120,13056,NA
"Brinkley  Jack",124,11005,NA
"Brodhead  William",126,14209,NA
"Brooks  Jack B.",127,1077,NA
"Broomfield  William S.",128,1087,NA
"Brown  Clarence  Jr.",131,10786,NA
"Brown  George E.  Jr.",134,10573,NA
"Brown  Hank",135,14803,NA
"Broyhill  James T.",138,10574,NA
"Burgener  Clair W.",147,14007,NA
"Burton  John",155,14076,NA
"Burton  Phillip",156,10577,NA
"Butler  M. Caldwell",159,13055,NA
"Byron  Beverly B.",162,14608,NA
"Campbell  Carroll A.  Jr.",169,14609,NA
"Carman  Gregory W.",176,14804,NA
"Carney  William",178,14610,NA
"Chappell  Bill  Jr.",191,12007,NA
"Chappie  Eugene A.",192,14805,NA
"Cheney  Dick",193,14611,NA
"Chisholm  Shirley",195,12008,NA
"Clausen  Don H.",201,10579,NA
"Clay  William (Bill)",203,12009,NA
"Clinger  William F.  Jr.",207,14612,NA
"Coats  Daniel",209,14806,NA
"Coelho  Anthony Lee",214,14613,NA
"Coleman  E. Thomas",216,14410,NA
"Collins  Cardiss",220,14068,NA
"Collins  James M.",221,11066,NA
"Conable  Barber B.  Jr.",225,10712,NA
"Conte  Silvio O.",228,2009,NA
"Conyers  John  Jr.",229,10713,NA
"Corcoran  Tom",233,14411,NA
"Corrada  Baltasar",237,NA1,NA
"Cotter  William R.",239,13009,NA
"Coughlin  Lawrence",240,12010,NA
"Courter  Jim",241,14614,NA
"Coyne  James K.",244,14807,NA
"Coyne  William J.",245,14808,NA
"Craig  Larry E.",246,14809,NA
"Crane  Daniel B.",248,14615,NA
"Crane  Philip M.",249,12041,NA
"Crockett  George W.  Jr.",252,14681,NA
"D'Amours  Norman E.",259,14284,NA
"Daniel  Robert W.  Jr.",260,14013,NA
"Daniel  W. C. (Dan)",261,12011,NA
"Danielson  George E.",263,13010,NA
"Dannemeyer  William E.",264,14616,NA
"Daschle  Thomas A.",267,14617,NA
"Daub  Hal",268,14810,NA
"Davis  Robert W.",273,14618,NA
"de la Garza  E.",276,10716,NA
"de Lugo  Ron",275,NA2,NA
"Deckard  Joel",278,14619,NA
"Dellums  Ronald V.",284,13011,NA
"DeNardis  Lawrence J.",285,14811,NA
"Derrick  Butler C.",289,14212,NA
"Derwinski  Edward J.",290,2525,NA
"Dickinson  William L.",296,10717,NA
"Dicks  Norman D.",297,14413,NA
"Dingell  John D.",299,2605,NA
"Dixon  Julian C.",301,14620,NA
"Donnelly  Brian J.",304,14621,NA
"Dorgan  Byron L.",308,14812,NA
"Dornan  Robert K.",310,14414,NA
"Dougherty  Charles F.",311,14622,NA
"Dowdy  Wayne",313,14874,NA
"Downey  Thomas J.",314,14214,NA
"Dreier  David",317,14813,NA
"Duncan  John J.",321,10719,NA
"Dunn  Jim",325,14814,NA
"Dwyer  Bernard J.",327,14815,NA
"Dymally  Mervyn M.",328,14816,NA
"Dyson  Roy",329,14817,NA
"Early  Joseph D.",330,14216,NA
"Eckart  Dennis E.",331,14818,NA
"Edgar  Robert W.",334,14217,NA
"Edwards  Don",336,10583,NA
"Edwards  Jack",337,10721,NA
"Edwards  Mickey",338,14415,NA
"Emerson  Bill",342,14819,NA
"Emery  David F.",343,14218,NA
"English  Glenn",345,14219,NA
"Erdahl  Arlen",349,14623,NA
"Erlenborn  John N.",351,10722,NA
"Ertel  Allen E.",352,14416,NA
"Evans  Billy Lee",357,14418,NA
"Evans  Cooper",358,14820,NA
"Evans  David W.",359,14220,NA
"Evans  Thomas B.  Jr.",363,14417,NA
"Fary  John G.",369,14285,NA
"Fascell  Dante B.",370,3078,NA
"Fauntroy  Walter E.",372,NA3,NA
"Fazio  Vic",374,14624,NA
"Fenwick  Millicent H.",376,14221,NA
"Ferraro  Geraldine A.",377,14625,NA
"Fiedler  Bobbi",378,14821,NA
"Fields  Jack",380,14822,NA
"Findley  Paul",382,10517,NA
"Fish  Hamilton  Jr.",384,12013,NA
"Fithian  Floyd J.",387,14222,NA
"Flippo  Ronnie G.",390,14419,NA
"Florio  James J.",392,14223,NA
"Foglietta  Thomas M.",395,14823,NA
"Foley  Thomas S.",397,10726,NA
"Ford  Harold E.",400,14224,NA
"Ford  William D.",401,10727,NA
"Forsythe  Edwin B.",402,12046,NA
"Fountain  L. H.",403,3321,NA
"Fowler  Wyche  Jr.",405,14467,NA
"Frank  Barney",407,14824,NA
"Frenzel  Bill",415,13015,NA
"Frost  Martin",419,14626,NA
"Fuqua  Don",422,10587,NA
"Garcia  Robert",429,14470,NA
"Gaydos  Joseph M.",430,11067,NA
"Gejdenson  Sam",431,14825,NA
"Gephardt  Richard A.",433,14421,NA
"Gibbons  Sam",437,10588,NA
"Gilman  Benjamin A.",440,14015,NA
"Gingrich  Newt",441,14627,NA
"Ginn  Bo",442,14016,NA
"Glickman  Dan",443,14422,NA
"Goldwater  Barry  Jr.",444,12037,NA
"Gonzalez  Henry B.",445,10520,NA
"Goodling  William F.",447,14288,NA
"Gore  Albert  Jr.",449,14423,NA
"Gradison  Willis D.  Jr.",451,14225,NA
"Gramm  Phil",453,94628,NA
"Gray  William H.  III",460,14629,NA
"Green  S. William",463,14471,NA
"Gregg  Judd",466,14826,NA
"Grisham  Wayne R.",468,14630,NA
"Guarini  Frank J.",472,14631,NA
"Gunderson  Steve",476,14827,NA
"Guyer  Tennyson",480,14018,NA
"Hagedorn  Thomas M.",481,14227,NA
"Hall  Katie B.",483,14880,NA
"Hall  Ralph M.",484,14828,NA
"Hall  Sam B.  Jr.",485,14291,NA
"Hall  Tony P.",487,14632,NA
"Hamilton  Lee H.",489,10732,NA
"Hammerschmidt  John P.",490,11020,NA
"Hance  Kent R.",491,14633,NA
"Hansen  George V.",497,10734,NA
"Hansen  James V.",498,14829,NA
"Harkin  Tom",501,14230,NA
"Hartnett  Thomas F.",508,14830,NA
"Hatcher  Charles",514,14831,NA
"Hawkins  Augustus F.",515,10595,NA
"Heckler  Margaret M.",523,11021,NA
"Hefner  W. G. (Bill)",525,14233,NA
"Heftel  Cecil",526,14425,NA
"Hendon  Bill",531,14832,NA
"Hertel  Dennis M.",534,14833,NA
"Hightower  Jack E.",536,14234,NA
"Hiler  John Patrick",537,14834,NA
"Hillis  Elwood H.",540,13018,NA
"Hinson  Jon C.",543,14634,NA
"Holland  Kenneth L.",552,14235,NA
"Hollenbeck  Harold C.",553,14426,NA
"Holt  Marjorie S.",555,14021,NA
"Hopkins  Larry J.",557,14635,NA
"Horton  Frank J.",560,10596,NA
"Howard  James J.",564,10739,NA
"Hoyer  Steny H.",566,14873,NA
"Hubbard  Carroll  Jr.",567,14237,NA
"Huckaby  Thomas J. (Jerry)",569,14427,NA
"Hughes  William J.",572,14238,NA
"Hunter  Duncan",575,14835,NA
"Hutto  Earl",579,14636,NA
"Hyde  Henry J.",580,14239,NA
"Ireland  Andrew P.",585,94428,NA
"Jacobs  Andrew  Jr.",589,10742,NA
"Jeffords  James M.",593,14240,NA
"Jeffries  Jim",594,14637,NA
"Jenkins  Edgar L.",595,14429,NA
"Johnston  Eugene (Gene)",605,14836,NA
"Jones  Ed",608,12038,NA
"Jones  James R.",609,14026,NA
"Jones  Walter B.",611,10788,NA
"Kastenmeier  Robert W.",620,5101,NA
"Kazen  Abraham  Jr.",621,11023,NA
"Kemp  Jack",625,13020,NA
"Kennelly  Barbara B.",628,14877,NA
"Kildee  Dale E.",631,14430,NA
"Kindness  Thomas N.",633,14245,NA
"Kogovsek  Ray",644,14638,NA
"Kramer  Ken",650,14639,NA
"LaFalce  John J.",657,14248,NA
"Lagomarsino  Robert J.",658,14071,NA
"Lantos  Tom",663,14837,NA
"Latta  Delbert L.",668,5495,NA
"Leach  James A.",672,14432,NA
"Leath  Marvin",673,14641,NA
"LeBoutillier  John",674,14838,NA
"Lederer  Raymond F.",675,14434,NA
"Lee  Gary A.",676,14642,NA
"Lehman  William",680,14029,NA
"Leland  Mickey",681,14643,NA
"Lent  Norman F.",682,13021,NA
"Levitas  Elliott H.",685,14249,NA
"Lewis  Jerry",687,14644,NA
"Livingston  Bob",696,14469,NA
"Lloyd  Marilyn",698,14251,NA
"Loeffler  Tom",700,14645,NA
"Long  Clarence D.",703,10601,NA
"Long  Gillis W.",704,10602,NA
"Lott  Trent",707,14031,NA
"Lowery  Bill",708,14839,NA
"Lowry  Mike",710,14646,NA
"Lujan  Manuel  Jr.",712,12022,NA
"Luken  Thomas A.",713,14070,NA
"Lundine  Stanley N.",716,14289,NA
"Lungren  Daniel E.",717,14647,NA
"Madigan  Edward R.",724,14033,NA
"Markey  Edward J.",735,14435,NA
"Marks  Marc L.",736,14436,NA
"Marlenee  Ron",737,14437,NA
"Marriott  David Daniel",738,14438,NA
"Martin  David",739,14840,NA
"Martin  James G.",741,14035,NA
"Martin  Lynn M.",742,14841,NA
"Martinez  Matthew G.",743,14879,NA
"Matsui  Robert T.",748,14649,NA
"Mattox  James A.",750,14439,NA
"Mavroules  Nicholas",751,14650,NA
"Mazzoli  Romano L.",753,13024,NA
"McClory  Robert",757,10606,NA
"McCloskey  Paul N.  Jr.",759,11063,NA
"McCollum  Bill",761,14842,NA
"McCurdy  Dave",764,14843,NA
"McDade  Joseph M.",765,10607,NA
"McDonald  Lawrence P.",767,14252,NA
"McEwen  Bob",768,14844,NA
"McGrath  Raymond J.",771,14845,NA
"McHugh  Matthew F.",774,14253,NA
"McKinney  Stewart B.",781,13029,NA
"Mica  Daniel Andrew",799,14648,NA
"Michel  Robert H.",801,6455,NA
"Mikulski  Barbara A.",802,14440,NA
"Miller  Clarence E.",806,11034,NA
"Miller  George",808,14256,NA
"Mineta  Norman Y.",812,14257,NA
"Minish  Joseph G.",814,10609,NA
"Mitchell  Donald J.",817,14038,NA
"Mitchell  Parren J.",818,13031,NA
"Moakley  John Joseph",820,14039,NA
"Moffett  Toby",821,14258,NA
"Molinari  Guy",822,14846,NA
"Mollohan  Robert H.",825,6584,NA
"Montgomery  G. V. (Sonny)",827,11035,NA
"Moore  W. Henson",829,14259,NA
"Moorhead  Carlos J.",830,14040,NA
"Morrison  Sid",836,14847,NA
"Mottl  Ronald M.",839,14260,NA
"Murphy  Austin J.",841,14441,NA
"Murtha  John P.",844,14072,NA
"Myers  John T.",847,11036,NA
"Napier  John L.",852,14848,NA
"Natcher  William H.",853,6845,NA
"Neal  Stephen L.",855,14262,NA
"Nelligan  James L.",857,14849,NA
"Nelson  Bill",859,14651,NA
"Nichols  Bill",863,11037,NA
"Nowak  Henry",870,14264,NA
"O'Brien  George M.",872,14041,NA
"O'Neill Thomas P.",874,7081,NA
"Oakar  Mary Rose",875,14443,NA
"Oberstar  James L.",876,14265,NA
"Obey  David R.",877,12036,NA
"Ottinger  Richard L.",882,10760,NA
"Oxley  Michael G.",885,14875,NA
"Panetta  Leon",888,14444,NA
"Parris  Stanford E. (Stan)",890,14043,NA
"Pashayan  Charles  Jr.",891,14652,NA
"Patman  William N.",894,14850,NA
"Patterson  Jerry M.",898,14266,NA
"Paul  Ron",900,14290,NA
"Pease  Donald J.",904,14445,NA
"Pepper  Claude",907,7333,NA
"Perkins  Carl Dewey",908,7343,NA
"Petri  Thomas E.",912,14675,NA
"Peyser  Peter A.",915,13033,NA
"Pickle  J. J.",917,10614,NA
"Porter  John Edward",923,14677,NA
"Price  Melvin",929,7610,NA
"Pritchard  Joel",932,14044,NA
"Pursell  Carl D.",934,14446,NA
"Quillen  James H. (Jimmy)",937,10616,NA
"Rahall  Nick J.  II",940,14448,NA
"Railsback  Thomas F.",941,11041,NA
"Rangel  Charles B.",944,13035,NA
"Ratchford  William R.",946,14653,NA
"Regula  Ralph",951,14045,NA
"Reuss  Henry S.",954,7824,NA
"Rhodes  John J.",957,7845,NA
"Richmond  Frederick W.",959,14269,NA
"Rinaldo  Matthew J.",963,14046,NA
"Ritter  Don",965,14654,NA
"Roberts  Clint",967,14851,NA
"Roberts  Pat",968,14852,NA
"Robinson  J. Kenneth",970,13036,NA
"Rodino  Peter W.  Jr.",973,8010,NA
"Roe  Robert A.",974,12042,NA
"Roemer  Buddy",975,14853,NA
"Rogers  Harold",977,14854,NA
"Rose  Charlie",986,14048,NA
"Rosenthal  Benjamin S.",987,10551,NA
"Rostenkowski  Dan",988,8080,NA
"Roth  Toby",989,14655,NA
"Roukema  Marge",990,14855,NA
"Rousselot  John H.",992,10553,NA
"Roybal  Edward R.",996,10621,NA
"Rudd  Eldon D.",1000,14449,NA
"Russo  Martin A.",1004,14271,NA
"Sabo  Martin Olav",1007,14656,NA
"Santini  James D.",1014,14272,NA
"Savage  Gus",1020,14856,NA
"Sawyer  Harold S.",1021,14450,NA
"Scheuer  James H.",1029,10768,NA
"Schneider  Claudine",1032,14857,NA
"Schroeder  Patricia",1033,14051,NA
"Schulze  Richard T.",1035,14273,NA
"Schumer  Charles E.",1036,14858,NA
"Seiberling  John F.",1040,13040,NA
"Sensenbrenner   James  Jr.",1041,14657,NA
"Shamansky  Bob",1044,14859,NA
"Shannon  James M.",1045,14658,NA
"Sharp  Philip R.",1046,14274,NA
"Shaw  E. Clay  Jr.",1047,14860,NA
"Shelby  Richard C.",1049,14659,NA
"Shumway  Norman D.",1054,14660,NA
"Shuster  Bud",1055,14052,NA
"Siljander  Mark D.",1058,14872,NA
"Simon  Paul",1059,14275,NA
"Skeen  Joe",1063,14861,NA
"Skelton  Ike",1064,14451,NA
"Smith  Albert L.  Jr.",1070,14862,NA
"Smith  Christopher H.",1071,14863,NA
"Smith  Denny",1072,14864,NA
"Smith  Joseph F.",1074,14876,NA
"Smith  Neal Edward",1079,8672,NA
"Smith  Virginia",1084,14276,NA
"Snowe  Olympia J.",1085,14661,NA
"Snyder  M. G. (Gene)",1086,10626,NA
"Solarz  Stephen J.",1087,14277,NA
"Solomon  Gerald B. H.",1088,14662,NA
"Spence  Floyd",1091,13042,NA
"St Germain  Fernand J.",1093,10561,NA
"Stangeland  Arlan",1098,14466,NA
"Stanton  J. William",1099,10773,NA
"Stark  Fortney Pete",1101,14053,NA
"Staton  David Michael",1102,14865,NA
"Stenholm  Charles W.",1110,14664,NA
"Stockman  David A.",1113,14453,NA
"Stokes  Louis",1115,12030,NA
"Stratton  Samuel S.",1117,9017,NA
"Studds  Gerry E.",1121,14055,NA
"Stump  Bob",1122,94454,NA
"Sunia  Foto I. F.",1126,NA4,NA
"Swift  Al",1129,14666,NA
"Synar  Mike",1133,14667,NA
"Tauke  Thomas Joseph",1139,14668,NA
"Tauzin  W. J. (Billy)",1140,14679,NA
"Taylor  G.",1143,14057,NA
"Thomas  William M.",1148,14669,NA
"Traxler  Bob",1167,14075,NA
"Trible  Paul S.  Jr.",1169,14456,NA
"Udall  Morris K.",1173,10566,NA
"Vander Jagt  Guy",1180,10794,NA
"Vento  Bruce F.",1185,14458,NA
"Volkmer  Harold L.",1189,14459,NA
"Walgren  Doug",1195,14460,NA
"Walker  Robert S.",1196,14461,NA
"Wampler  William C.",1200,9802,NA
"Washington  Harold",1204,14866,NA
"Watkins  Wes",1206,14462,NA
"Waxman  Henry A.",1209,14280,NA
"Weaver  James H.",1210,14281,NA
"Weber  Ed",1211,14867,NA
"Weber  Vin",1212,14868,NA
"Weiss  Ted",1213,14463,NA
"White  Richard C.",1219,10783,NA
"Whitehurst  G. William",1221,12033,NA
"Whitley  Charles O.  Sr.",1223,14464,NA
"Whittaker  Bob",1224,14670,NA
"Whitten  Jamie L.",1225,10075,NA
"Williams  Lyle",1230,14671,NA
"Williams  Pat",1231,14672,NA
"Wilson  Charles",1232,14062,NA
"Winn  Larry  Jr.",1235,11057,NA
"Wirth  Timothy",1236,14282,NA
"Wolf  Frank R.",1238,14869,NA
"Wolpe  Howard E.",1240,14673,NA
"Won Pat  Antonio B.",1241,NA5,NA
"Wortley  George C.",1243,14870,NA
"Wright  James C.  Jr.",1244,10391,NA
"Wyden  Ron",1247,14871,NA
"Wylie  Chalmers P.",1249,11058,NA
"Yates  Sidney R.",1252,10421,NA
"Yatron  Gus",1253,12035,NA
"Young  C.W. Bill",1255,13047,NA
"Young  Don",1256,14066,NA
"Young  Robert A.",1259,14465,NA
"Zablocki  Clement J.",1261,10463,NA
"Zeferetti  Leo C.",1262,14283,NA
