"Abercrombie  Neil",2,15245
"Ackerman  Gary L.",4,15000
"Alexander  Bill",10,12000
"Allard  Wayne",11,29108
"Allen  George",13,29148
"Anderson  Glenn M.",16,12001
"Andrews  Michael",20,15001
"Andrews  Robert E.",21,29132
"Andrews  Thomas H.",22,29121
"Annunzio  Frank",23,10703
"Anthony  Beryl  Jr.",24,14601
"Applegate  Douglas",25,14402
"Archer  Bill",26,13002
"Armey  Richard K.",28,15125
"Aspin  Les",33,13003
"Atkins  Chester G.",34,15084
"AuCoin  Les",36,14201
"Bacchus  Jim",37,29112
"Baker  Richard H.",47,15401
"Ballenger  Cass",50,15402
"Barnard  Doug  Jr.",54,14404
"Barrett  Bill",57,29129
"Bartlett  Steve",61,15002
"Barton  Joe",62,15085
"Bateman  Herbert H.",64,15003
"Beilenson  Anthony C.",72,14405
"Bennett  Charles E.",77,633
"Bentley  Helen Delich",78,15086
"Bereuter  Doug",80,14605
"Berman  Howard L.",82,15005
"Bevill  Tom",84,11000
"Bilbray  James H.",88,15403
"Bilirakis  Michael",89,15006
"Blackwell  Lucien E.",93,29140
"Blaz  Ben G.",96,NA1
"Bliley  Tom",97,14802
"Boehlert  Sherwood",101,15007
"Boehner  John A.",102,29137
"Bonior  David E.",108,14407
"Borski  Robert A.",111,15008
"Boucher  Rick",113,15010
"Boxer  Barbara",116,15011
"Brewster  Bill K.",123,29138
"Brooks  Jack B.",127,1077
"Broomfield  William S.",128,1087
"Browder  Glen",130,15632
"Brown  George E.  Jr.",134,10573
"Bruce  Terry L.",140,15088
"Bryant  John W.",142,15013
"Bunning  Jim",146,15406
"Burton  Dan",154,15014
"Bustamante  Albert G.",158,15089
"Byron  Beverly B.",162,14608
"Callahan  Sonny",164,15090
"Camp  Dave",166,29124
"Campbell  Ben Nighthorse",168,15407
"Campbell  Tom",170,15600
"Cardin  Benjamin L.",174,15408
"Carper  Thomas R.",179,15015
"Carr  Bob",180,14210
"Chandler  Rod D.",189,15016
"Chapman  Jim",190,15129
"Clay  William (Bill)",203,12009
"Clement  Bob",205,15450
"Clinger  William F.  Jr.",207,14612
"Coble  Howard",211,15092
"Coleman  E. Thomas",216,14410
"Coleman  Ronald D.",217,15018
"Collins  Barbara-Rose",219,29125
"Collins  Cardiss",220,14068
"Colordao  Antonio",223,NA2
"Combest  Larry",224,15093
"Condit  Gary A.",226,15635
"Conte  Silvio O.",228,2009
"Conyers  John  Jr.",229,10713
"Cooper  Jim",231,15019
"Costello  Jerry F.",238,15453
"Coughlin  Lawrence",240,12010
"Cox  Christopher",242,15601
"Cox  John W.  Jr.",243,29116
"Coyne  William J.",245,14808
"Cramer  Robert E. (Bud)  Jr.",247,29100
"Crane  Philip M.",249,12041
"Cunningham  Randy (Duke)",258,29107
"Dannemeyer  William E.",264,14616
"Darden  George (Buddy)",266,15081
"Davis  Robert W.",273,14618
"de la Garza  E.",276,10716
"de Lugo  Ron",275,NA3
"DeFazio  Peter A.",279,15410
"DeLauro  Rosa L.",281,29109
"DeLay  Tom",282,15094
"Dellums  Ronald V.",284,13011
"Derrick  Butler C.",289,14212
"Dickinson  William L.",296,10717
"Dicks  Norman D.",297,14413
"Dingell  John D.",299,2605
"Dixon  Julian C.",301,14620
"Donnelly  Brian J.",304,14621
"Dooley  Calvin M.",306,29105
"Doolittle  John T.",307,29104
"Dorgan  Byron L.",308,14812
"Dornan  Robert K.",310,14414
"Downey  Thomas J.",314,14214
"Dreier  David",317,14813
"Duncan  John J.  Jr.",322,15455
"Durbin  Richard",326,15021
"Dwyer  Bernard J.",327,14815
"Dymally  Mervyn M.",328,14816
"Early  Joseph D.",330,14216
"Eckart  Dennis E.",331,14818
"Edwards  Chet",335,29144
"Edwards  Don",336,10583
"Edwards  Mickey",338,14415
"Emerson  Bill",342,14819
"Engel  Eliot L.",344,15603
"English  Glenn",345,14219
"Erdreich  Ben",350,15022
"Espy  Mike",356,15411
"Evans  Lane",361,15023
"Ewing  Thomas W.",366,29115
"Faleomavaega  Eni F.H.",367,NA4
"Fascell  Dante B.",370,3078
"Fawell  Harris W.",373,15098
"Fazio  Vic",374,14624
"Feighan  Edward F.",375,15024
"Fields  Jack",380,14822
"Fish  Hamilton  Jr.",384,12013
"Flake  Floyd H.",388,15412
"Foglietta  Thomas M.",395,14823
"Foley  Thomas S.",397,10726
"Ford  Harold E.",400,14224
"Ford  William D.",401,10727
"Frank  Barney",407,14824
"Franks  Gary A.",410,29110
"Frost  Martin",419,14626
"Fuster  Jamie B.",424,NA5
"Gallegly  Elton",425,15413
"Gallo  Dean A.",426,15099
"Gaydos  Joseph M.",430,11067
"Gejdenson  Sam",431,14825
"Gekas  George W.",432,15026
"Gephardt  Richard A.",433,14421
"Geren  Pete",434,15636
"Gibbons  Sam",437,10588
"Gilchrest  Wayne T.",438,29122
"Gillmor  Paul E.",439,15604
"Gilman  Benjamin A.",440,14015
"Gingrich  Newt",441,14627
"Glickman  Dan",443,14422
"Gonzalez  Henry B.",445,10520
"Goodling  William F.",447,14288
"Gordon  Bart",448,15100
"Goss  Porter J.",450,15605
"Gradison  Willis D.  Jr.",451,14225
"Grandy  Fred",455,15414
"Gray  William H.  III",460,14629
"Green  S. William",463,14471
"Guarini  Frank J.",472,14631
"Gunderson  Steve",476,14827
"Hall  Ralph M.",484,14828
"Hall  Tony P.",487,14632
"Hamilton  Lee H.",489,10732
"Hammerschmidt  John P.",490,11020
"Hancock  Mel",492,15606
"Hansen  James V.",498,14829
"Harris  Claude",504,15416
"Hastert  J. Dennis",510,15417
"Hatcher  Charles",514,14831
"Hayes  Charles A.",516,15079
"Hayes  James A.",517,15418
"Hefley  Joel",524,15419
"Hefner  W. G. (Bill)",525,14233
"Henry  Paul B.",532,15103
"Herger  Wally",533,15420
"Hertel  Dennis M.",534,14833
"Hoagland  Peter",544,15607
"Hobson  David L.",545,29136
"Hochbrueckner  George J.",546,15421
"Holloway  Clyde",554,15422
"Hopkins  Larry J.",557,14635
"Horn  Joan Kelly",558,29128
"Horton  Frank J.",560,10596
"Houghton  Amo",563,15423
"Hoyer  Steny H.",566,14873
"Hubbard  Carroll  Jr.",567,14237
"Huckaby  Thomas J. (Jerry)",569,14427
"Hughes  William J.",572,14238
"Hunter  Duncan",575,14835
"Hutto  Earl",579,14636
"Hyde  Henry J.",580,14239
"Inhofe  James M.",583,15424
"Ireland  Andrew P.",585,14428
"Jacobs  Andrew  Jr.",589,10742
"James  Craig T.",590,15608
"Jefferson  William J.",592,29120
"Jenkins  Edgar L.",595,14429
"Johnson  Nancy L.",602,15028
"Johnson  Sam",603,29143
"Johnson  Tim",604,15425
"Johnston  Harry",606,15609
"Jones  Ben",607,95120
"Jones  Walter B.",611,10788
"Jontz  Jim",613,15426
"Kanjorski  Paul E.",615,15104
"Kaptur  Marcy",616,15029
"Kasich  John R.",618,15030
"Kennedy  Joseph P.  II",626,15427
"Kennelly  Barbara B.",628,14877
"Kildee  Dale E.",631,14430
"Kleczka  Gerald D.",637,15082
"Klug  Scott L.",641,29150
"Kolbe  Jim",645,15105
"Kolter  Joseph P.",646,15031
"Kopetski  Mike",648,29139
"Kostmayer  Peter H.",649,14431
"Kyl  Jon",655,15429
"LaFalce  John J.",657,14248
"Lagomarsino  Robert J.",658,14071
"Lancaster  H. Martin",660,15430
"Lantos  Tom",663,14837
"LaRocco  Larry",665,29114
"Laughlin  Greg",669,15611
"Leach  James A.",672,14432
"Lehman  Richard H.",679,15032
"Lehman  William",680,14029
"Lent  Norman F.",682,13021
"Levin  Sander M.",683,15033
"Levine  Mel",684,15034
"Lewis  Jerry",687,14644
"Lewis  John",688,15431
"Lewis  Thomas F.",690,15035
"Lightfoot  Jim",691,15106
"Lipinski  William O.",694,15036
"Livingston  Bob",696,14469
"Lloyd  Marilyn",698,14251
"Long  Jill L.",705,15631
"Lowery  Bill",708,14839
"Lowey  Nita M.",709,15612
"Luken  Charles",714,15823
"Machtley  Ronald K.",720,15615
"Madigan  Edward R.",724,14033
"Manton  Thomas J.",732,15107
"Markey  Edward J.",735,14435
"Marlenee  Ron",737,14437
"Martin  David O'B.",739,14840
"Martinez  Matthew G.",743,14879
"Matsui  Robert T.",748,14649
"Mavroules  Nicholas",751,14650
"Mazzoli  Romano L.",753,13024
"McCandless  Alfred A. (Al)",755,15040
"McCloskey  Frank",758,15041
"McCollum  Bill",761,14842
"McCrery  Jim",763,15451
"McCurdy  Dave",764,14843
"McDade  Joseph M.",765,10607
"McDermott  Jim",766,15613
"McEwen  Bob",768,14844
"McGrath  Raymond J.",771,14845
"McHugh  Matthew F.",774,14253
"McMillan  J. Alex",782,15108
"McMillen  Thomas",783,15432
"McNulty  Michael R.",785,15614
"Meyers  Jan",794,15109
"Mfume  Kweisi",798,15433
"Michel  Robert H.",801,6455
"Miller  Clarence E.",806,11034
"Miller  George",808,14256
"Miller  John R.",809,15110
"Mineta  Norman Y.",812,14257
"Mink  Patsy T.",815,10757
"Moakley  John Joseph",820,14039
"Molinari  Susan",823,15639
"Mollohan  Alan B.",824,15083
"Montgomery  G. V. (Sonny)",827,11035
"Moody  Jim",828,15044
"Moorhead  Carlos J.",830,14040
"Moran  James P.",832,29149
"Morella  Constance A.",833,15434
"Morrison  Sid",836,14847
"Mrazek  Robert J.",840,15046
"Murphy  Austin J.",841,14441
"Murtha  John P.",844,14072
"Myers  John T.",847,11036
"Nagle  Dave R",851,15435
"Natcher  William H.",853,6845
"Neal  Richard E.",854,15616
"Neal  Stephen L.",855,14262
"Nichols  Dick",864,29119
"Norton  Eleanor Holmes",868,NA6
"Nowak  Henry",870,14264
"Nussle  Jim",871,29118
"Oakar  Mary Rose",875,14443
"Oberstar  James L.",876,14265
"Obey  David R.",877,12036
"Olin  James R.",878,15048
"Olver  John W.",879,29123
"Ortiz  Solomon P.",880,15049
"Orton  Bill",881,29146
"Owens  Major R.",883,15050
"Owens  Wayne",884,14042
"Oxley  Michael G.",885,14875
"Packard  Ron",886,15051
"Pallone  Frank  Jr.",887,15454
"Panetta  Leon",888,14444
"Parker  Mike",889,15617
"Pastor  Ed",893,29101
"Patterson  Elizabeth",897,15171
"Paxon  Bill",901,15618
"Payne  Donald M.",902,15619
"Payne  Lewis F.  Jr.",903,15452
"Pease  Donald J.",904,14445
"Pelosi  Nancy",905,15448
"Penny  Timothy J.",906,15052
"Perkins  Carl C.",909,15228
"Peterson  Collin C.",910,29127
"Peterson  Douglas (Pete)",911,29111
"Petri  Thomas E.",912,14675
"Pickett  Owen B.",916,15437
"Pickle  J. J.",917,10614
"Porter  John Edward",923,14677
"Poshard  Glenn",925,15620
"Price  David E.",930,15438
"Pursell  Carl D.",934,14446
"Quillen  James H. (Jimmy)",937,10616
"Rahall  Nick J.  II",940,14448
"Ramstad  Jim",942,29126
"Rangel  Charles B.",944,13035
"Ravenel  Arthur  Jr.",947,15439
"Ray  Richard B.",948,15053
"Reed  Jack",949,29142
"Regula  Ralph",951,14045
"Rhodes  John J.  III",956,15440
"Richardson  Bill",958,15055
"Ridge  Thomas J.",960,15056
"Riggs  Frank",962,29103
"Rinaldo  Matthew J.",963,14046
"Ritter  Don",965,14654
"Roberts  Pat",968,14852
"Roe  Robert A.",974,12042
"Roemer  Tim",976,29117
"Rogers  Harold",977,14854
"Rohrabacher  Dana",979,15621
"Ros-Lehtinen  Ileana",985,15634
"Rose  Charlie",986,14048
"Rostenkowski  Dan",988,8080
"Roth  Toby",989,14655
"Roukema  Marge",990,14855
"Rowland  J. Roy",993,15057
"Roybal  Edward R.",996,10621
"Russo  Martin A.",1004,14271
"Sabo  Martin Olav",1007,14656
"Sanders  Bernard",1010,29147
"Sangmeister  George E.",1013,15622
"Santorum  Rick",1015,29141
"Sarpalius  Bill",1018,15623
"Savage  Gus",1020,14856
"Sawyer  Thomas C.",1022,15442
"Saxton  Jim",1023,15112
"Schaefer  Dan",1026,15058
"Scheuer  James H.",1029,10768
"Schiff  Steven",1030,15624
"Schroeder  Patricia",1033,14051
"Schulze  Richard T.",1035,14273
"Schumer  Charles E.",1036,14858
"Sensenbrenner   James  Jr.",1041,14657
"Serrano  Jose E.",1042,29134
"Sharp  Philip R.",1046,14274
"Shaw  E. Clay  Jr.",1047,14860
"Shays  Christopher",1048,15449
"Shuster  Bud",1055,14052
"Sikorski  Gerry E.",1057,15059
"Sisisky  Norman",1060,15060
"Skaggs  David E.",1062,15443
"Skeen  Joe",1063,14861
"Skelton  Ike",1064,14451
"Slattery  Jim",1067,15061
"Slaughter  D. French  Jr.",1068,15115
"Slaughter  Louise McIntosh",1069,15444
"Smith  Christopher H.",1071,14863
"Smith  Lamar",1075,15445
"Smith  Lawrence",1077,15062
"Smith  Neal Edward",1079,8672
"Smith  Robert",1083,15063
"Snowe  Olympia J.",1085,14661
"Solarz  Stephen J.",1087,14277
"Solomon  Gerald B. H.",1088,14662
"Spence  Floyd",1091,13042
"Spratt  John M.  Jr.",1092,15064
"Staggers  Harley O.  Jr.",1095,15065
"Stallings  Richard H.",1097,15117
"Stark  Fortney Pete",1101,14053
"Stearns  Cliff",1103,15627
"Stenholm  Charles W.",1110,14664
"Stokes  Louis",1115,12030
"Studds  Gerry E.",1121,14055
"Stump  Bob",1122,14454
"Sundquist  Don",1125,15066
"Swett  Dick",1128,29131
"Swift  Al",1129,14666
"Synar  Mike",1133,14667
"Tallon  Robert M. (Robin)",1136,15068
"Tanner  John S.",1137,15628
"Tauzin  W. J. (Billy)",1140,14679
"Taylor  Charles H.",1141,29135
"Taylor  Gene",1142,15637
"Thomas  Craig",1149,15633
"Thomas  Lindsay",1150,15069
"Thomas  William M.",1148,14669
"Thornton  Ray",1156,14058
"Torres  Estaban Edward",1162,15070
"Torricelli  Robert G.",1163,15071
"Towns  Edolphus",1165,15072
"Traficant  James A.  Jr.",1166,15121
"Traxler  Bob",1167,14075
"Udall  Morris K.",1173,10566
"Unsoeld  Jolene",1176,15629
"Upton  Fred",1177,15446
"Valentine  Tim",1178,15073
"Vander Jagt  Guy",1180,10794
"Vento  Bruce F.",1185,14458
"Visclosky  Peter J.",1188,15124
"Volkmer  Harold L.",1189,14459
"Vucanovich  Barbara F.",1190,15075
"Walker  Robert S.",1196,14461
"Walsh  James T.",1197,15630
"Washington  Craig A.",1203,29145
"Waters  Maxine",1205,29106
"Waxman  Henry A.",1209,14280
"Weber  Vin",1212,14868
"Weiss  Ted",1213,14463
"Weldon  Curt",1214,15447
"Wheat  Alan",1218,15076
"Whitten  Jamie L.",1225,10075
"Williams  Pat",1231,14672
"Wilson  Charles",1232,14062
"Wise  Robert E.  Jr.",1237,15077
"Wolf  Frank R.",1238,14869
"Wolpe  Howard E.",1240,14673
"Wyden  Ron",1247,14871
"Wylie  Chalmers P.",1249,11058
"Yates  Sidney R.",1252,10421
"Yatron  Gus",1253,12035
"Young  C.W. Bill",1255,13047
"Young  Don",1256,14066
"Zeliff  William H.  Jr.",1263,29130
"Zimmer  Dick",1264,29133
