"Abercrombie  Neil",2,15245
"Ackerman  Gary L.",4,15000
"Allard  Wayne",11,29108
"Andrews  Michael",20,15001
"Andrews  Robert E.",21,29132
"Andrews  Thomas H.",22,29121
"Applegate  Douglas",25,14402
"Archer  Bill",26,13002
"Armey  Richard K.",28,15125
"Aspin  Les",33,13003
"Bacchus  Jim",37,29112
"Bachus  Spencer",38,29301
"Baesler  Scotty",41,29353
"Baker  Bill",45,29310
"Baker  Richard H.",47,15401
"Ballenger  Cass",50,15402
"Barca  Peter",51,39314
"Barcia  James A.",52,29363
"Barlow  Tom",53,29351
"Barrett  Bill",57,29129
"Barrett  Thomas M.",58,39315
"Bartlett  Roscoe G.",60,29356
"Barton  Joe",62,15085
"Bateman  Herbert H.",64,15003
"Becerra  Xavier",70,29316
"Beilenson  Anthony C.",72,14405
"Bentley  Helen Delich",78,15086
"Bereuter  Doug",80,14605
"Berman  Howard L.",82,15005
"Bevill  Tom",84,11000
"Bilbray  James H.",88,15403
"Bilirakis  Michael",89,15006
"Bishop  Sanford D.  Jr.",91,29339
"Blackwell  Lucien E.",93,29140
"Bliley  Tom",97,14802
"Blute  Peter I.",100,29357
"Boehlert  Sherwood",101,15007
"Boehner  John A.",102,29137
"Bonilla  Henry",107,39302
"Bonior  David E.",108,14407
"Borski  Robert A.",111,15008
"Boucher  Rick",113,15010
"Brewster  Bill K.",123,29138
"Brooks  Jack B.",127,1077
"Browder  Glen",130,15632
"Brown  Corrine",132,29328
"Brown  George E.  Jr.",134,10573
"Brown  Sherrod",136,29389
"Bryant  John W.",142,15013
"Bunning  Jim",146,15406
"Burton  Dan",154,15014
"Buyer  Stephen E.",160,29350
"Byrne  Leslie L.",161,39309
"Callahan  Sonny",164,15090
"Calvert  Ken",165,29323
"Camp  Dave",166,29124
"Canady  Charles T.",171,29332
"Cantwell  Maria",172,39310
"Cardin  Benjamin L.",174,15408
"Carr  Bob",180,14210
"Castle  Michael N.",183,29327
"Chapman  Jim",190,15129
"Clay  William (Bill)",203,12009
"Clayton  Eva M.",204,29382
"Clement  Bob",205,15450
"Clinger  William F.  Jr.",207,14612
"Clyburn  James E.",208,39301
"Coble  Howard",211,15092
"Coleman  Ronald D.",217,15018
"Collins  Barbara-Rose",219,29125
"Collins  Cardiss",220,14068
"Collins  Mac",222,29340
"Combest  Larry",224,15093
"Condit  Gary A.",226,15635
"Conyers  John  Jr.",229,10713
"Cooper  Jim",231,15019
"Coppersmith  Sam",232,29303
"Costello  Jerry F.",238,15453
"Cox  Christopher",242,15601
"Coyne  William J.",245,14808
"Cramer  Robert E. (Bud)  Jr.",247,29100
"Crane  Philip M.",249,12041
"Crapo  Mike",250,29345
"Cunningham  Randy (Duke)",258,29107
"Danner  Pat",265,29370
"Darden  George (Buddy)",266,15081
"de la Garza  E.",276,10716
"de Lugo  Ron",275,NA1
"Deal  Nathan",277,29342
"DeFazio  Peter A.",279,15410
"DeLauro  Rosa L.",281,29109
"DeLay  Tom",282,15094
"Dellums  Ronald V.",284,13011
"Derrick  Butler C.",289,14212
"Deutsch  Peter",291,29335
"Diaz-Balart  Lincoln",294,29336
"Dickey  Jay",295,29307
"Dicks  Norman D.",297,14413
"Dingell  John D.",299,2605
"Dixon  Julian C.",301,14620
"Dooley  Calvin M.",306,29105
"Doolittle  John T.",307,29104
"Dornan  Robert K.",310,14414
"Dreier  David",317,14813
"Duncan  John J.  Jr.",322,15455
"Dunn  Jennifer",324,39312
"Durbin  Richard",326,15021
"Edwards  Chet",335,29144
"Edwards  Don",336,10583
"Ehlers  Vernon J.",339,29362
"Emerson  Bill",342,14819
"Engel  Eliot L.",344,15603
"English  Glenn",345,14219
"English  Karan",346,29304
"Eshoo  Anna G.",355,29312
"Espy  Mike",356,15411
"Evans  Lane",361,15023
"Everett  Terry",364,29300
"Ewing  Thomas W.",366,29115
"Faleomavaega  Eni F.H.",367,NA2
"Farr  Sam",368,29313
"Fawell  Harris W.",373,15098
"Fazio  Vic",374,14624
"Fields  Cleo",379,29354
"Fields  Jack",380,14822
"Filner  Bob",381,29325
"Fingerhut  Eric D.",383,29391
"Fish  Hamilton  Jr.",384,12013
"Flake  Floyd H.",388,15412
"Foglietta  Thomas M.",395,14823
"Foley  Thomas S.",397,10726
"Ford  Harold E.",1483,14224
"Ford  William D.",401,10727
"Fowler  Tillie",404,29329
"Frank  Barney",407,14824
"Franks  Bob",409,29371
"Franks  Gary A.",410,29110
"Frost  Martin",419,14626
"Furse  Elizabeth",423,29394
"Gallegly  Elton",425,15413
"Gallo  Dean A.",426,15099
"Gejdenson  Sam",431,14825
"Gekas  George W.",432,15026
"Gephardt  Richard A.",433,14421
"Geren  Pete",434,15636
"Gibbons  Sam",437,10588
"Gilchrest  Wayne T.",438,29122
"Gillmor  Paul E.",439,15604
"Gilman  Benjamin A.",440,14015
"Gingrich  Newt",441,14627
"Glickman  Dan",443,14422
"Gonzalez  Henry B.",445,10520
"Goodlatte  Bob",446,39308
"Goodling  William F.",447,14288
"Gordon  Bart",448,15100
"Goss  Porter J.",450,15605
"Gradison  Willis D.",451,14225
"Grams  Rod",454,29367
"Grandy  Fred",455,15414
"Green  Gene",462,39304
"Greenwood  James C.",465,29397
"Gunderson  Steve",476,14827
"Gutierrez  Luis V.",478,29348
"Hall  Ralph M.",484,14828
"Hall  Tony P.",487,14632
"Hamburg  Dan",488,29308
"Hamilton  Lee H.",489,10732
"Hancock  Mel",492,15606
"Hansen  James V.",498,14829
"Harman  Jane",502,29318
"Hastert  J. Dennis",510,15417
"Hastings  Alcee L.",511,29337
"Hayes  James A.",517,15418
"Hefley  Joel",524,15419
"Hefner  W. G. (Bill)",525,14233
"Henry  Paul B.",532,15103
"Herger  Wally",533,15420
"Hilliard  Earl F.",539,29302
"Hinchey  Maurice D.",541,29380
"Hoagland  Peter",544,15607
"Hobson  David L.",545,29136
"Hochbrueckner  George J.",546,15421
"Hoekstra  Peter",547,29361
"Hoke  Martin R.",549,29388
"Holden  Tim",550,29396
"Horn  Stephen",559,29320
"Houghton  Amo",563,15423
"Hoyer  Steny H.",566,14873
"Huffington  Michael",571,29314
"Hughes  William J.",572,14238
"Hunter  Duncan",575,14835
"Hutchinson  Tim",578,29306
"Hutto  Earl",579,14636
"Hyde  Henry J.",580,14239
"Inglis  Bob",582,39300
"Inhofe  James M.",583,15424
"Inslee  Jay",584,39311
"Istook  Ernest J.  Jr.",586,29392
"Jacobs  Andrew  Jr.",589,10742
"Jefferson  William J.",592,29120
"Johnson  Don",598,29343
"Johnson  Eddie Bernice",599,39305
"Johnson  Nancy L.",602,15028
"Johnson  Sam",603,29143
"Johnson  Tim",604,15425
"Johnston  Harry",606,15609
"Kanjorski  Paul E.",615,15104
"Kaptur  Marcy",616,15029
"Kasich  John R.",618,15030
"Kennedy  Joseph P.  II",626,15427
"Kennelly  Barbara B.",628,14877
"Kildee  Dale E.",631,14430
"Kim  Jay",632,29322
"King  Peter T.",635,29375
"Kingston  Jack",636,29338
"Kleczka  Gerald D.",637,15082
"Klein  Herbert C.",638,29372
"Klink  Ron",639,29395
"Klug  Scott L.",641,29150
"Knollenberg  Joe",642,29365
"Kolbe  Jim",645,15105
"Kopetski  Mike",648,29139
"Kreidler  Mike",652,39313
"Kyl  Jon",655,15429
"LaFalce  John J.",657,14248
"Lambert  Blanche M.",1570,29305
"Lancaster  H. Martin",660,15430
"Lantos  Tom",663,14837
"LaRocco  Larry",665,29114
"Laughlin  Greg",669,15611
"Lazio  Rick",670,29374
"Leach  James A.",672,14432
"Lehman  Richard H.",679,15032
"Levin  Sander M.",683,15033
"Levy  David A.",686,29376
"Lewis  Jerry",687,14644
"Lewis  John",688,15431
"Lewis  Ron",689,29352
"Lewis  Thomas F.",690,15035
"Lightfoot  Jim",691,15106
"Linder  John",693,29341
"Lipinski  William O.",694,15036
"Livingston  Bob",696,14469
"Lloyd  Marilyn",698,14251
"Long  Jill L.",705,15631
"Lowey  Nita M.",709,15612
"Lucas  Frank D.",711,29393
"Machtley  Ronald K.",720,15615
"Maloney  Carolyn B.",729,29379
"Mann  David",730,29385
"Manton  Thomas J.",732,15107
"Manzullo  Donald A.",733,29349
"Margolies-Mezvinsky  Marjorie",797,29398
"Markey  Edward J.",735,14435
"Martinez  Matthew G.",743,14879
"Matsui  Robert T.",748,14649
"Mazzoli  Romano L.",753,13024
"McCandless  Alfred A. (Al)",755,15040
"McCloskey  Frank",758,15041
"McCollum  Bill",761,14842
"McCrery  Jim",763,15451
"McCurdy  Dave",764,14843
"McDade  Joseph M.",765,10607
"McDermott  Jim",766,15613
"McHale  Paul",772,29399
"McHugh  John M.",773,39316
"McInnis  Scott",775,29326
"McKeon  Howard P. Buck",778,29315
"McKinney  Cynthia A.",780,29344
"McMillan  J. Alex",782,15108
"McNulty  Michael R.",785,15614
"Meehan  Martin T.",788,29358
"Meek  Carrie P.",789,29334
"Menendez  Robert",791,29373
"Meyers  Jan",794,15109
"Mfume  Kweisi",798,15433
"Mica  John L.",800,29331
"Michel  Robert H.",801,6455
"Miller  Dan",807,29333
"Miller  George",808,14256
"Mineta  Norman Y.",812,14257
"Minge  David",813,29366
"Mink  Patsy T.",815,10757
"Moakley  John Joseph",820,14039
"Molinari  Susan",823,15639
"Mollohan  Alan B.",824,15083
"Montgomery  G. V. (Sonny)",827,11035
"Moorhead  Carlos J.",830,14040
"Moran  James P.",832,29149
"Morella  Constance A.",833,15434
"Murphy  Austin J.",841,14441
"Murtha  John P.",844,14072
"Myers  John T.",847,11036
"Nadler  Jerrold",850,29377
"Natcher  William H.",853,6845
"Neal  Richard E.",854,15616
"Neal  Stephen L.",855,14262
"Norton  Eleanor Holmes",868,NA3
"Nussle  Jim",871,29118
"Oberstar  James L.",876,14265
"Obey  David R.",877,12036
"Olver  John W.",879,29123
"Ortiz  Solomon P.",880,15049
"Orton  Bill",881,29146
"Owens  Major R.",883,15050
"Oxley  Michael G.",885,14875
"Packard  Ron",886,15051
"Pallone  Frank  Jr.",887,15454
"Panetta  Leon",888,14444
"Parker  Mike",889,15617
"Pastor  Ed",893,29101
"Paxon  Bill",901,15618
"Payne  Donald M.",902,15619
"Payne  Lewis F.  Jr.",903,15452
"Pelosi  Nancy",905,15448
"Penny  Timothy J.",906,15052
"Peterson  Collin C.",910,29127
"Peterson  Douglas (Pete)",911,29111
"Petri  Thomas E.",912,14675
"Pickett  Owen B.",916,15437
"Pickle  J. J.",917,10614
"Pombo  Richard W.",921,29311
"Pomeroy  Earl",922,29384
"Porter  John Edward",923,14677
"Portman  Rob",924,29386
"Poshard  Glenn",925,15620
"Price  David E.",930,15438
"Pryce  Deborah",933,29390
"Quillen  James H. (Jimmy)",937,10616
"Quinn  Jack",938,29381
"Rahall  Nick J.  II",940,14448
"Ramstad  Jim",942,29126
"Rangel  Charles B.",944,13035
"Ravenel  Arthur  Jr.",947,15439
"Reed  Jack",949,29142
"Regula  Ralph",951,14045
"Reynolds  Mel",955,29347
"Richardson  Bill",958,15055
"Ridge  Thomas J.",960,15056
"Roberts  Pat",968,14852
"Roemer  Tim",976,29117
"Rogers  Harold",977,14854
"Rohrabacher  Dana",979,15621
"Romero-Barcelo  Carlos A.",980,NA4
"Ros-Lehtinen  Ileana",985,15634
"Rose  Charlie",986,14048
"Rostenkowski  Dan",988,8080
"Roth  Toby",989,14655
"Roukema  Marge",990,14855
"Rowland  J. Roy",993,15057
"Roybal-Allard  Lucille",997,29317
"Royce  Edward R.",998,29321
"Rush  Bobby L.",1003,29346
"Sabo  Martin Olav",1007,14656
"Sanders  Bernard",1010,29147
"Sangmeister  George E.",1013,15622
"Santorum  Rick",1015,29141
"Sarpalius  Bill",1018,15623
"Sawyer  Thomas C.",1022,15442
"Saxton  Jim",1023,15112
"Schaefer  Dan",1026,15058
"Schenk  Lynn",1027,29324
"Schiff  Steven",1030,15624
"Schroeder  Patricia",1033,14051
"Schumer  Charles E.",1036,14858
"Scott  Robert C.",1037,39307
"Sensenbrenner   James  Jr.",1041,14657
"Serrano  Jose E.",1042,29134
"Sharp  Philip R.",1046,14274
"Shaw  E. Clay  Jr.",1047,14860
"Shays  Christopher",1048,15449
"Shepherd  Karen",1050,39306
"Shuster  Bud",1055,14052
"Sisisky  Norman",1060,15060
"Skaggs  David E.",1062,15443
"Skeen  Joe",1063,14861
"Skelton  Ike",1064,14451
"Slattery  Jim",1067,15061
"Slaughter  Louise McIntosh",1069,15444
"Smith  Christopher H.",1071,14863
"Smith  Lamar",1075,15445
"Smith  Neal Edward",1079,8672
"Smith  Nick",1080,29364
"Smith  Robert",1083,15063
"Snowe  Olympia J.",1085,14661
"Solomon  Gerald B. H.",1088,14662
"Spence  Floyd",1091,13042
"Spratt  John M.  Jr.",1092,15064
"Stark  Fortney Pete",1101,14053
"Stearns  Cliff",1103,15627
"Stenholm  Charles W.",1110,14664
"Stokes  Louis",1115,12030
"Strickland  Ted",1118,29387
"Studds  Gerry E.",1121,14055
"Stump  Bob",1122,14454
"Stupak  Bart",1123,29360
"Sundquist  Don",1125,15066
"Swett  Dick",1128,29131
"Swift  Al",1129,14666
"Synar  Mike",1133,14667
"Talent  Jim",1135,29369
"Tanner  John S.",1137,15628
"Tauzin  W. J. (Billy)",1140,14679
"Taylor  Charles H.",1141,29135
"Taylor  Gene",1142,15637
"Tejeda  Frank",1147,39303
"Thomas  Craig",1149,15633
"Thomas  William M.",1148,14669
"Thompson  Bennie G.",1151,29368
"Thornton  Ray",1156,14058
"Thurman  Karen L.",1157,29330
"Torkildsen  Peter G.",1161,29359
"Torres  Estaban Edward",1162,15070
"Torricelli  Robert G.",1163,15071
"Towns  Edolphus",1165,15072
"Traficant  James A.  Jr.",1166,15121
"Tucker  Walter R.  III",1172,29319
"Underwood  Robert A.",1175,NA5
"Unsoeld  Jolene",1176,15629
"Upton  Fred",1177,15446
"Valentine  Tim",1178,15073
"Velazquez  Nydia M.",1184,29378
"Vento  Bruce F.",1185,14458
"Visclosky  Peter J.",1188,15124
"Volkmer  Harold L.",1189,14459
"Vucanovich  Barbara F.",1190,15075
"Walker  Robert S.",1196,14461
"Walsh  James T.",1197,15630
"Washington  Craig A.",1203,29145
"Waters  Maxine",1205,29106
"Watt  Melvin L.",1207,29383
"Waxman  Henry A.",1209,14280
"Weldon  Curt",1214,15447
"Wheat  Alan",1218,15076
"Whitten  Jamie L.",1225,10075
"Williams  Pat",1231,14672
"Wilson  Charles",1232,14062
"Wise  Robert E.  Jr.",1237,15077
"Wolf  Frank R.",1238,14869
"Woolsey  Lynn C.",1242,29309
"Wyden  Ron",1247,14871
"Wynn  Albert Russell",1251,29355
"Yates  Sidney R.",1252,10421
"Young  C.W. Bill",1255,13047
"Young  Don",1256,14066
"Zeliff  William H.  Jr.",1263,29130
"Zimmer  Dick",1264,29133
